{
  "alias" : "SSAU-IST-OPSYS-TICKETS",
  "name" : "SSAU-IST-OPSYS-TICKETS",
  "annotation" : "Random generator of exam tickets for OPSYS exam",
  "keywords" : [ ],
  "description" : "",
  "inputs" : {
    "group" : {
      "title" : "группа",
      "description" : "",
      "type" : "string",
      "format" : "",
      "viewType" : "textarea",
      "enum" : [ "6301", "6302", "6303", "6304" ],
      "enumTitles" : [ "6301", "6302", "6303", "6304" ],
      "required" : true
    },
    "surname" : {
      "title" : "фамилия",
      "description" : "",
      "type" : "string",
      "format" : "",
      "viewType" : "textarea",
      "default" : "Иванов",
      "required" : true
    },
    "name" : {
      "title" : "инициалы",
      "description" : "",
      "type" : "string",
      "format" : "",
      "viewType" : "textarea",
      "default" : "И.И.",
      "required" : true
    }
  },
  "outputs" : {
    "stro" : {
      "title" : "вопросы",
      "description" : "",
      "type" : "string",
      "format" : "",
      "required" : true
    }
  },
  "type" : "application",
  "config" : {
    "command" : "cmd.exe /c vstudio.exe C:\\\\Everest\\\\questions.txt C:\\\\Everest\\\\groupTicketList.json C:\\\\Everest\\\\Text.txt",
    "inputMappings" : [ {
      "param" : "name",
      "file" : "nameArg",
      "pattern" : ""
    }, {
      "param" : "surname",
      "file" : "surnameArg",
      "pattern" : ""
    }, {
      "param" : "group",
      "file" : "groupArg",
      "pattern" : ""
    } ],
    "outputMappings" : [ {
      "param" : "stro",
      "file" : "stdout",
      "pattern" : ""
    } ],
    "resourceRequirements" : {
      "nodes" : {
        "defaultValue" : 1,
        "allowOverride" : false
      },
      "coresPerNode" : {
        "defaultValue" : 1,
        "allowOverride" : false
      },
      "memoryPerCore" : {
        "defaultValue" : 1,
        "allowOverride" : false
      },
      "timeLimit" : {
        "defaultValue" : 1,
        "allowOverride" : false
      }
    }
  },
  "retryFailedTasks" : false,
  "files" : [ {
    "uri" : "file:///ApplicationFiles/vstudio.exe",
    "public" : false,
    "stageIn" : true
  } ],
  "version" : "1.0.2"
}